,end_sample,flux,freesound_id,id,loudness,mfcc_0,mfcc_1,mfcc_10,mfcc_11,mfcc_12,mfcc_2,mfcc_3,mfcc_4,mfcc_5,mfcc_6,mfcc_7,mfcc_8,mfcc_9,path,rolloff,spectral_centroid_time,start_sample
0,132672,8.862912367348273e-05,205972,205972_f0,0.00020487900523246915,-1103.3475341796875,42.2494010925293,6.166545867919922,4.4399871826171875,3.3655166625976562,24.76767349243164,5.820270538330078,-8.420364379882812,-14.458549499511719,-11.518028259277344,-3.639495849609375,3.129138946533203,6.172563552856445,files/205972_2385996-hq.ogg,2430.683837890625,1576.5289306640625,0
1,46400,0.00033872951721322945,205974,205974_f0,0.0008642098821442703,-918.3773803710938,-47.845130920410156,27.869831085205078,10.609535217285156,-10.487707138061523,-94.04059600830078,-10.111499786376953,-11.125360488891602,8.099332809448242,-7.604131698608398,11.03990364074707,6.403079986572266,26.239315032958984,files/205974_2385996-hq.ogg,3973.837890625,3650.041259765625,0
2,149504,0.00017052115744923892,205975,205975_f0,0.0005128199413214644,-970.4451293945312,24.572521209716797,11.990039825439453,0.5808258056640625,-0.5911788940429688,-100.34347534179688,4.026844024658203,-9.233001708984375,2.3017730712890625,25.23017120361328,15.147790908813477,14.63791275024414,9.47905158996582,files/205975_2385996-hq.ogg,3737.510498046875,3780.45458984375,0
3,61376,0.000260001100887223,206022,206022_f0,0.0006667857871189854,-993.6117553710938,-6.017292022705078,8.169933319091797,-5.279205322265625,-20.755268096923828,-91.15533447265625,-9.954387664794922,-19.24184799194336,18.711517333984375,3.534320831298828,14.766145706176758,18.00136947631836,11.865571975708008,files/206022_2385996-hq.ogg,3935.767822265625,2770.681884765625,0
4,25920,0.00018758345165370422,222134,222134_f0,0.00032115637520213186,-1081.5926513671875,-8.802906036376953,16.45479965209961,24.8232364654541,-0.9665069580078125,-28.30349349975586,44.84804153442383,19.195755004882812,-2.39447021484375,13.62277603149414,19.772905349731445,8.309528350830078,3.713531494140625,files/222134_2385996-hq.ogg,2205.935791015625,3494.212890625,0
5,8896,0.0003232507825755387,222147,222147_f0,0.0004629235473468149,-962.07373046875,90.86286163330078,-7.040849685668945,-17.448211669921875,5.043617248535156,-53.16306686401367,12.99039077758789,36.39546585083008,2.8082733154296875,2.358814239501953,9.248598098754883,8.272525787353516,2.244903564453125,files/222147_2385996-hq.ogg,1011.399658203125,2084.593017578125,0
6,4032,0.00041437657579543097,222149,222149_f0,0.0004933856664195894,-893.7916870117188,115.24028778076172,-1.3737373352050781,-15.335044860839844,1.3804779052734375,-90.64112854003906,0.6464118957519531,30.139652252197266,1.8790206909179688,9.790637969970703,11.494417190551758,21.647624969482422,17.91209602355957,files/222149_2385996-hq.ogg,4211.98193359375,2005.3748779296875,0
7,8704,0.001796281841747901,222152,222152_f0,0.004574738442897797,-757.503173828125,-94.63668060302734,12.934579849243164,0.01358795166015625,5.59480094909668,-108.79349517822266,-3.528928756713867,13.265522003173828,42.52021789550781,4.771759033203125,21.651832580566406,8.49582290649414,15.649394989013672,files/222152_2385996-hq.ogg,4499.68994140625,3716.28515625,0
8,10560,0.0005457776965516986,222153,222153_f0,0.0009900266473943536,-921.2237548828125,-112.70399475097656,28.094066619873047,-6.296863555908203,-11.351272583007812,-7.170080184936523,34.12897491455078,25.258939743041992,27.821327209472656,-8.145885467529297,1.5412464141845703,4.94379997253418,31.130125045776367,files/222153_2385996-hq.ogg,3921.763427734375,7099.017578125,0
9,11456,0.001404724640553224,222158,222158_f0,0.0036127963545602125,-853.0084228515625,-73.34386444091797,6.909330368041992,-12.595108032226562,2.6344146728515625,-114.32676696777344,5.351615905761719,8.224433898925781,33.7623291015625,17.25551986694336,7.803644180297852,16.232458114624023,22.35196876525879,files/222158_2385996-hq.ogg,2925.8837890625,2684.41943359375,0
10,10304,0.0013317776762920878,222159,222159_f0,0.0032445954980317108,-804.1205444335938,-65.89106750488281,8.497663497924805,-10.775672912597656,3.858743667602539,-121.99826049804688,-7.078998565673828,8.062908172607422,25.737207412719727,16.196460723876953,20.78892707824707,10.782865524291992,28.08472442626953,files/222159_2385996-hq.ogg,4466.5,2732.385009765625,0
11,10176,0.001065334621465431,222162,222162_f0,0.00239556259329214,-831.899658203125,-85.78187561035156,3.807332992553711,-7.084661483764648,4.001089096069336,-111.11842346191406,4.284992218017578,17.74435806274414,41.479637145996094,11.775882720947266,15.040332794189453,12.700286865234375,23.086111068725586,files/222162_2385996-hq.ogg,4375.32666015625,3200.01806640625,0
12,9728,0.00170970198355223,222163,222163_f0,0.004446736683971004,-770.4968872070312,-84.51422882080078,5.783233642578125,-11.414684295654297,4.284126281738281,-123.54916381835938,0.7518482208251953,14.399457931518555,33.838111877441406,17.84257698059082,11.527423858642578,14.913711547851562,20.496482849121094,files/222163_2385996-hq.ogg,5064.22314453125,3031.433837890625,0
13,10176,0.0011531220479581341,222165,222165_f0,0.0026637231403926634,-812.5211181640625,-85.64497375488281,10.32571029663086,-3.29144287109375,5.783857345581055,-116.82202911376953,-1.2548580169677734,28.263059616088867,33.68292236328125,15.847265243530273,18.113725662231445,10.90384292602539,16.510055541992188,files/222165_2385996-hq.ogg,5057.95556640625,3265.716796875,0
14,10432,0.0012022627094771963,222166,222166_f0,0.0028408230082389036,-839.8685913085938,-74.39089965820312,3.967132568359375,-13.458797454833984,4.911130905151367,-113.51790618896484,2.52996826171875,10.039726257324219,34.923789978027344,16.13343620300293,4.750753402709961,17.662517547607422,22.276798248291016,files/222166_2385996-hq.ogg,4198.18798828125,2773.77685546875,0
15,9280,0.0012957515387699522,222167,222167_f0,0.003018182105031507,-798.0618896484375,-71.9914779663086,6.122303009033203,-11.501031875610352,5.568841934204102,-121.92436981201172,-2.3893203735351562,5.577880859375,29.436782836914062,16.04718017578125,6.691856384277344,20.883798599243164,24.48883056640625,files/222167_2385996-hq.ogg,5667.5556640625,2656.901123046875,0
16,9408,0.001287691143094277,222168,222168_f0,0.0030070233101747476,-787.1550903320312,-62.67803192138672,11.238235473632812,-18.20486068725586,7.228488922119141,-120.80462646484375,-7.284717559814453,4.363380432128906,19.572404861450195,16.917409896850586,26.84975242614746,11.860038757324219,25.693401336669922,files/222168_2385996-hq.ogg,5163.830078125,2894.357666015625,0
17,10688,0.0010863563079320027,222169,222169_f0,0.002500504969122881,-848.6973876953125,-74.20272827148438,6.126592636108398,-14.37236213684082,5.975822448730469,-115.7431640625,4.3849334716796875,10.596839904785156,38.68415069580078,10.226932525634766,11.89937973022461,17.479843139648438,22.09244155883789,files/222169_2385996-hq.ogg,4570.1083984375,2726.003173828125,0
18,10048,0.0012189188770427826,222171,222171_f0,0.0028570205163044537,-820.2706298828125,-75.95646667480469,2.8053245544433594,-16.255014419555664,0.5424633026123047,-113.22532653808594,0.9268035888671875,9.103256225585938,38.28118133544922,4.186740875244141,16.34688949584961,18.125164031982422,29.985851287841797,files/222171_2385996-hq.ogg,5133.3681640625,2784.15185546875,0
19,8896,0.0013690373237184483,222173,222173_f0,0.0032027479555967043,-818.0232543945312,-88.86160278320312,8.650760650634766,-6.588254928588867,6.574739456176758,-119.58798217773438,8.050785064697266,17.163158416748047,38.83663558959961,14.150125503540039,14.003583908081055,13.017463684082031,15.847159385681152,files/222173_2385996-hq.ogg,4419.91552734375,3253.43408203125,0
20,9536,0.0006407199289974751,222174,222174_f0,0.0011855502856657808,-883.76904296875,-77.81675720214844,7.517738342285156,-11.663835525512695,6.993801116943359,-109.76084899902344,23.49558448791504,33.76206970214844,35.62519836425781,13.658538818359375,16.771421432495117,5.2948455810546875,17.715185165405273,files/222174_2385996-hq.ogg,5335.01318359375,3148.413818359375,0
21,10304,0.0012088422634586784,222175,222175_f0,0.0028496882560090247,-816.9744873046875,-73.56094360351562,9.456056594848633,-12.283683776855469,8.09579086303711,-117.27822875976562,0.15679168701171875,10.310592651367188,39.85216522216797,8.327920913696289,12.37847900390625,17.00002098083496,22.0755672454834,files/222175_2385996-hq.ogg,5194.15234375,2879.225341796875,0
22,12608,0.001059114933013916,222177,222177_f0,0.0025564864807322545,-849.4844970703125,-72.33172607421875,4.602180480957031,-11.790454864501953,6.654726028442383,-114.24604797363281,2.449857711791992,11.91823959350586,42.517921447753906,7.064670562744141,12.36905288696289,16.096572875976562,21.636199951171875,files/222177_2385996-hq.ogg,4596.4462890625,2907.117919921875,0
23,13504,0.0009376461754477984,222178,222178_f0,0.0022227442095065003,-909.0128784179688,-61.542808532714844,1.5216102600097656,-14.268928527832031,7.053798675537109,-113.77667236328125,10.95602035522461,15.692222595214844,45.0881462097168,5.406780242919922,2.4029808044433594,12.35916519165039,18.015378952026367,files/222178_2385996-hq.ogg,3832.58154296875,2515.289306640625,0
24,10816,0.0015669068288520949,222179,222179_f0,0.004101479547263602,-809.58935546875,-65.49990844726562,13.74461555480957,-17.976924896240234,4.221529006958008,-120.03640747070312,-6.313392639160156,7.776187896728516,26.225805282592773,12.74616813659668,20.709306716918945,8.511301040649414,26.7028865814209,files/222179_2385996-hq.ogg,4589.41748046875,2887.732666015625,0
25,10560,0.001080821319059892,222180,222180_f0,0.002473295457435377,-781.466552734375,5.963554382324219,2.41455078125,-5.779138565063477,5.973701477050781,-65.62049865722656,48.6496696472168,45.15410614013672,52.036136627197266,36.84153366088867,18.92243003845215,18.30315399169922,27.484994888305664,files/222180_2385996-hq.ogg,5258.25341796875,2867.741943359375,0
26,9024,0.0010920017957687378,222181,222181_f0,0.0023771414520047237,-797.7644653320312,-63.70431900024414,8.797819137573242,-10.157447814941406,4.405097961425781,-121.69061279296875,-5.878131866455078,9.888294219970703,25.700218200683594,13.694690704345703,25.872276306152344,3.6994075775146484,23.873214721679688,files/222181_2385996-hq.ogg,5921.2177734375,3068.086669921875,0
27,9728,0.001856039817395963,222182,222182_f0,0.00496403716112438,-744.9483642578125,-75.121337890625,2.328960418701172,-15.216968536376953,5.151638031005859,-110.8624496459961,8.872861862182617,10.31290054321289,34.84962844848633,9.563423156738281,12.293119430541992,9.608030319213867,15.193745613098145,files/222182_2385996-hq.ogg,5769.224609375,3149.955322265625,0
28,11328,0.0015467738701125324,222183,222183_f0,0.004094907119449249,-801.6555786132812,-84.36914825439453,7.043378829956055,-11.804351806640625,4.156862258911133,-123.6110610961914,4.902988433837891,12.004981994628906,31.039196014404297,19.45616912841797,10.600309371948242,18.707063674926758,27.19940948486328,files/222183_2385996-hq.ogg,4831.64990234375,3080.90673828125,0
29,122432,2.2895945751162267e-05,222191,222191_f0,3.2505794572880054e-05,-1116.883056640625,28.283153533935547,-3.3561668395996094,0.871978759765625,6.263740539550781,22.349945068359375,14.207584381103516,5.7931976318359375,-1.2188186645507812,-5.870819091796875,-8.003089904785156,-7.99224853515625,-6.3389129638671875,files/222191_2385996-hq.ogg,15049.45703125,362.082763671875,0
30,53824,3.544254035785281e-05,222206,222206_f0,4.414638214247405e-05,-1118.4019775390625,25.019878387451172,12.844600677490234,8.180519104003906,4.074897766113281,16.60748291015625,6.743579864501953,-0.4474639892578125,-2.3219223022460938,1.1209602355957031,7.409845352172852,12.976306915283203,15.010309219360352,files/222206_2385996-hq.ogg,12474.2294921875,380.656982421875,0
31,90560,0.00016829431478210556,222212,222212_f0,0.00042490466323421195,-1054.9691162109375,77.22473907470703,-16.580602645874023,-24.789794921875,-25.357723236083984,6.9774169921875,-14.976451873779297,9.114456176757812,24.956436157226562,15.105976104736328,3.562255859375,1.0371932983398438,-4.548866271972656,files/222212_2385996-hq.ogg,2567.333984375,759.6607055664062,0
32,116672,7.078962965581813e-05,222214,222214_f0,0.0001451202427628141,-1100.034423828125,44.26536178588867,-3.851604461669922,-12.284744262695312,-15.117855072021484,21.92138671875,3.153369903564453,-1.958221435546875,4.262565612792969,12.558399200439453,15.958826065063477,13.141986846923828,5.775224685668945,files/222214_2385996-hq.ogg,2234.0859375,791.6665649414062,0
33,104384,7.145421078130557e-05,222215,222215_f0,0.00014149231789376676,-1107.997802734375,36.9649772644043,-0.3199729919433594,-6.8002471923828125,-9.52853012084961,22.49462890625,8.042835235595703,0.8732147216796875,2.5736312866210938,8.995380401611328,13.965387344360352,13.50357437133789,7.694253921508789,files/222215_2385996-hq.ogg,1977.852294921875,721.017333984375,0
34,61760,7.464894204559722e-05,222227,222227_f0,0.00012551400173513384,-1061.955322265625,83.87653350830078,1.5289573669433594,-5.034385681152344,-10.445201873779297,29.52792739868164,-16.548412322998047,-29.38766098022461,-14.162254333496094,6.402973175048828,15.830293655395508,13.81412124633789,7.739595413208008,files/222227_2385996-hq.ogg,5178.04931640625,655.8822631835938,0
35,66240,0.0005847641235388419,222234,222234_f0,0.002027379832981865,-848.1041870117188,11.207584381103516,5.172271728515625,4.893070220947266,-11.712615966796875,-48.163421630859375,42.89265441894531,-6.1249847412109375,-0.7557640075683594,-28.152393341064453,-1.134552001953125,-22.380897521972656,-6.669441223144531,files/222234_2385996-hq.ogg,3961.004150390625,2989.250732421875,0
36,47680,0.0007849353271842803,222235,222235_f0,0.002689749122466017,-752.6079711914062,7.688663482666016,-3.8680953979492188,7.972209930419922,-6.480180740356445,-53.34218215942383,36.64295959472656,-11.478639602661133,3.609050750732422,-27.146398544311523,-11.095603942871094,-24.623191833496094,-7.544425964355469,files/222235_2385996-hq.ogg,5511.22802734375,3140.180908203125,0
37,68928,0.000540017970978605,222236,222236_f0,0.001847062380975778,-824.108154296875,25.538414001464844,-4.647823333740234,-1.6620140075683594,-9.928991317749023,-50.947242736816406,35.480281829833984,-12.789878845214844,-0.36407470703125,-24.98145294189453,-7.013618469238281,-20.659841537475586,2.0638427734375,files/222236_2385996-hq.ogg,4541.9921875,2762.783447265625,0
38,137216,0.0001941565146197134,222238,222238_f0,0.0005927086988491799,-941.2290649414062,8.930400848388672,17.285930633544922,-0.18890762329101562,2.6657943725585938,-105.72959899902344,15.036067962646484,-16.417972564697266,13.068496704101562,18.065387725830078,16.9780330657959,9.074085235595703,9.118616104125977,files/222238_2385996-hq.ogg,4891.9296875,3923.46923828125,0
39,180672,0.00014944798423599528,222240,222240_f0,0.00045831031170965637,-986.7462158203125,26.994976043701172,8.691295623779297,-4.9464569091796875,-12.59359359741211,-87.71580505371094,10.520923614501953,2.093475341796875,7.052040100097656,30.22942352294922,9.13981819152832,6.831905364990234,10.514177322387695,files/222240_2385996-hq.ogg,3676.85107421875,3867.752685546875,0
40,197184,0.00016838726150799943,222241,222241_f0,0.0005540013197218199,-975.8438110351562,20.613338470458984,18.61941146850586,12.512176513671875,5.858909606933594,-96.54167175292969,0.3510322570800781,-10.185256958007812,13.251602172851562,25.055076599121094,6.986352920532227,5.479885101318359,6.669519424438477,files/222241_2385996-hq.ogg,3493.526611328125,4115.0673828125,0
41,175808,0.0001442342573484595,222242,222242_f0,0.0004329770358640756,-984.2200317382812,20.179439544677734,15.850017547607422,-3.5946273803710938,-1.1603546142578125,-91.76889038085938,7.685596466064453,-5.9957275390625,-2.70220947265625,18.078022003173828,14.676370620727539,10.893131256103516,15.262414932250977,files/222242_2385996-hq.ogg,3761.770751953125,4241.34130859375,0
42,218176,4.634742829134542e-05,222245,222245_f0,0.00010178147889750205,-1071.7728271484375,8.21426010131836,12.876850128173828,3.0392494201660156,0.7876968383789062,-39.91011428833008,11.061664581298828,13.88909912109375,10.98944091796875,8.41946792602539,-5.644966125488281,-2.8738327026367188,11.466928482055664,files/222245_2385996-hq.ogg,4284.072265625,4214.3876953125,0
43,58944,0.00048584056599520705,222250,222250_f0,0.0015200265196842686,-841.5306396484375,1.4288711547851562,1.5317955017089844,-1.9881477355957031,-11.705930709838867,-90.34855651855469,19.035369873046875,-25.057395935058594,22.846050262451172,1.3174171447753906,10.275901794433594,-10.371793746948242,1.8488197326660156,files/222250_2385996-hq.ogg,4669.76806640625,4473.61083984375,0
44,97216,0.00025480838493738934,222252,222252_f0,0.0007588522774832589,-918.2566528320312,15.482906341552734,3.478466033935547,-14.001296997070312,0.03340911865234375,-101.82383728027344,29.671627044677734,-11.330978393554688,16.393539428710938,14.224185943603516,5.47320556640625,-0.25714874267578125,9.192903518676758,files/222252_2385996-hq.ogg,5487.60693359375,4076.819580078125,0
45,78784,0.0004922928701659512,222253,222253_f0,0.0017075308157504816,-819.02294921875,0.846435546875,-6.3423919677734375,-14.4447021484375,-16.214811325073242,-106.7212142944336,20.601707458496094,-31.90701675415039,17.324798583984375,6.244728088378906,17.773054122924805,-6.9040069580078125,16.76682472229004,files/222253_2385996-hq.ogg,6199.9619140625,4151.935546875,0
46,33856,0.000507715124714352,222254,222254_f0,0.0013353867431669469,-849.9893798828125,-6.0266265869140625,1.7917709350585938,-6.577472686767578,-4.826650619506836,-45.924259185791016,11.940849304199219,-1.00579833984375,10.574039459228516,-11.839107513427734,-14.816181182861328,-24.349842071533203,-0.8917694091796875,files/222254_2385996-hq.ogg,3441.50634765625,5332.45458984375,0
47,39616,0.00040673420001694,222255,222255_f0,0.0010465316125379818,-902.5614013671875,-6.6875,3.464031219482422,-4.091041564941406,-3.744415283203125,-43.715206146240234,19.506771087646484,0.03990936279296875,16.8035945892334,4.9428863525390625,-4.8035125732421875,-28.224809646606445,-7.8561859130859375,files/222255_2385996-hq.ogg,2937.773681640625,5149.14111328125,0
48,41024,0.0003781385847633231,222256,222256_f0,0.000960473337337119,-911.1939086914062,-11.038986206054688,-3.737058639526367,-5.9279022216796875,-6.210504531860352,-31.65645980834961,18.448822021484375,4.341087341308594,24.775848388671875,9.732368469238281,-3.9845123291015625,-23.898216247558594,-8.425888061523438,files/222256_2385996-hq.ogg,3023.456298828125,5242.38671875,0
49,56768,0.0002418850058229827,222258,222258_f0,0.0005894286522333087,-1022.8619384765625,1.239288330078125,5.6148681640625,-1.7562065124511719,-1.8262481689453125,-42.60387420654297,27.98202896118164,17.705490112304688,20.490772247314453,5.031951904296875,5.222084045410156,-26.794307708740234,-16.20611572265625,files/222258_2385996-hq.ogg,1956.9097900390625,5360.84033203125,0
50,38464,0.00044546751135002554,222259,222259_f0,0.0011703938295361206,-880.6458129882812,-9.023414611816406,1.1529350280761719,-2.483489990234375,-4.90831184387207,-47.02605438232422,17.244274139404297,3.893901824951172,17.20555877685547,-6.889902114868164,-16.533245086669922,-22.874435424804688,-2.4080352783203125,files/222259_2385996-hq.ogg,3117.48681640625,5227.63134765625,0
51,153152,0.0001916857479109806,222261,222261_f0,0.0006048004347262799,-1015.0404052734375,40.52029037475586,18.69869613647461,15.757036209106445,6.741233825683594,-47.102596282958984,4.661334991455078,-9.357925415039062,-14.620361328125,-7.588325500488281,-2.9590072631835938,3.648754119873047,6.661130905151367,files/222261_2385996-hq.ogg,1647.9442138671875,4540.58154296875,0
52,197952,5.488262433200988e-05,222262,222262_f0,0.00012350174897394635,-1072.25390625,22.103618621826172,7.530193328857422,18.727693557739258,18.351913452148438,-2.1083831787109375,21.604480743408203,1.2109832763671875,-7.987968444824219,-18.822952270507812,-3.90325927734375,-7.363361358642578,-9.888130187988281,files/222262_2385996-hq.ogg,3333.047607421875,4296.248046875,0
53,192576,9.674053724598908e-05,222263,222263_f0,0.00026150508828636974,-970.5942993164062,25.723339080810547,31.887157440185547,19.62941551208496,15.026054382324219,-65.94109344482422,1.7482643127441406,-38.14846420288086,-16.240516662597656,-9.824462890625,1.118743896484375,6.458057403564453,26.170066833496094,files/222263_2385996-hq.ogg,6422.12353515625,3000.270263671875,0
54,188736,8.121672000833268e-05,222264,222264_f0,0.00020545446173382355,-989.3681640625,47.27683639526367,33.2525749206543,19.72566032409668,11.267078399658203,-58.088008880615234,-7.268459320068359,-32.35526657104492,-18.309112548828125,-3.151805877685547,-17.091461181640625,-1.9928359985351562,26.270051956176758,files/222264_2385996-hq.ogg,6907.017578125,2749.603759765625,0
55,202944,7.45149553104065e-05,222265,222265_f0,0.00018763513980096764,-1006.426513671875,35.60187911987305,32.82270431518555,15.001518249511719,10.784065246582031,-62.51420974731445,2.621723175048828,-18.924068450927734,-21.740447998046875,-0.8472404479980469,-16.758499145507812,1.2112808227539062,36.45317077636719,files/222265_2385996-hq.ogg,6149.005859375,2687.921142578125,0
56,279744,6.581877331198067e-05,222266,222266_f0,0.0001772096816529619,-1029.2860107421875,40.6340446472168,26.011775970458984,20.651506423950195,8.907310485839844,-52.6053581237793,-1.3877067565917969,-1.4342193603515625,-20.119285583496094,-7.036346435546875,-11.864021301269531,4.991611480712891,29.10898780822754,files/222266_2385996-hq.ogg,5438.03271484375,2779.166748046875,0
57,146368,3.289105228112158e-05,222267,222267_f0,5.612236003350315e-05,-1064.16015625,42.6467399597168,30.97884750366211,19.453378677368164,17.02050018310547,-23.01638412475586,-8.860485076904297,-1.0484771728515625,-12.122062683105469,-10.16412353515625,-7.0831298828125,6.456790924072266,30.769357681274414,files/222267_2385996-hq.ogg,12711.1357421875,2704.5693359375,0
58,167616,3.800881687308505e-05,222268,222268_f0,7.133658103425796e-05,-1057.2838134765625,35.28330612182617,29.314144134521484,20.739137649536133,18.230857849121094,-30.256328582763672,0.6736030578613281,-5.508209228515625,-19.678016662597656,-5.811248779296875,-7.65966796875,2.3204994201660156,29.602128982543945,files/222268_2385996-hq.ogg,7975.833984375,3351.95947265625,0
59,126784,3.107281374486031e-05,222269,222269_f0,4.9525844605507e-05,-1051.3343505859375,26.826000213623047,39.5113639831543,19.76573371887207,9.523460388183594,-37.57149887084961,5.540821075439453,-6.579864501953125,-13.1419677734375,0.2910041809082031,-7.5012054443359375,-0.19440460205078125,29.388925552368164,files/222269_2385996-hq.ogg,12380.61328125,2968.493408203125,0
60,180736,7.129944438805998e-05,222270,222270_f0,0.00017003198985337536,-992.3666381835938,17.503215789794922,-8.824098587036133,-14.999549865722656,-5.3889617919921875,-84.67193603515625,7.576618194580078,-8.735671997070312,4.158943176269531,19.54153823852539,9.950998306274414,10.003185272216797,-1.1766433715820312,files/222270_2385996-hq.ogg,9450.1396484375,2929.343994140625,0
61,165376,0.0001006721296915698,222272,222272_f0,0.0002619262680918809,-976.4671020507812,18.087688446044922,-15.253396987915039,-28.994335174560547,1.1536788940429688,-82.5322265625,13.52316665649414,-6.88616943359375,9.2227783203125,19.24612808227539,14.013460159301758,1.8446807861328125,-2.8717041015625,files/222272_2385996-hq.ogg,8393.3330078125,3248.67431640625,0
62,166912,0.00014547483732729602,222273,222273_f0,0.0004303101564477558,-945.21630859375,-8.063831329345703,-15.872930526733398,-18.340133666992188,-3.4329147338867188,-90.855712890625,11.71713638305664,-23.864601135253906,24.83968734741211,17.396892547607422,20.621580123901367,5.260997772216797,2.9146270751953125,files/222273_2385996-hq.ogg,6961.34326171875,3783.6015625,0
63,104448,0.00010968364921270633,222276,222276_f0,0.0002513137445145962,-959.13818359375,-28.371849060058594,16.393333435058594,12.583946228027344,10.384929656982422,-60.79303741455078,17.12820053100586,-2.5800437927246094,8.511741638183594,-15.378976821899414,8.037700653076172,2.169139862060547,19.062074661254883,files/222276_2385996-hq.ogg,6358.47802734375,4834.41455078125,0
64,160768,0.00015868107746740815,222278,222278_f0,0.00047732215778083556,-977.7675170898438,24.347637176513672,11.629772186279297,1.4389266967773438,-0.578277587890625,-97.62904357910156,2.898822784423828,-7.84344482421875,1.4282608032226562,25.34754180908203,15.203546524047852,14.319660186767578,9.701959609985352,files/222278_2385996-hq.ogg,3697.973388671875,3778.32958984375,0
65,150528,0.00010375959203154051,222279,222279_f0,0.0002641604617744887,-946.6486206054688,13.390605926513672,1.7133140563964844,-5.276741027832031,-6.824403762817383,-57.2092170715332,11.949542999267578,-4.694004058837891,7.630224227905273,0.590484619140625,-6.292194366455078,-17.8171443939209,5.524816513061523,files/222279_2385996-hq.ogg,7376.416015625,4230.2998046875,0
66,152576,0.00016712152317866383,222282,222282_f0,0.0005026303681751226,-969.7720947265625,24.09237289428711,11.86983871459961,0.1633758544921875,-0.45546722412109375,-100.30320739746094,4.066120147705078,-9.667739868164062,2.8057937622070312,24.95685577392578,15.426286697387695,14.51541519165039,9.265848159790039,files/222282_2385996-hq.ogg,3885.251220703125,3779.781494140625,0
67,54784,0.0006303648664572529,222284,222284_f0,0.002101820484500065,-813.03125,-96.34257507324219,7.3548126220703125,10.89628791809082,10.456281661987305,-61.336402893066406,16.597761154174805,4.378471374511719,7.563190460205078,-17.0816707611084,9.102859497070312,-8.617130279541016,0.3219184875488281,files/222284_2385996-hq.ogg,6288.615234375,5678.20166015625,0
68,51200,0.0005585253611207009,222285,222285_f0,0.0017465834319591522,-808.2266235351562,-79.63717651367188,9.724475860595703,14.4205322265625,11.29408073425293,-54.31501770019531,8.717510223388672,-12.003318786621094,1.014373779296875,-17.488847732543945,0.40840911865234375,-12.547494888305664,0.19071578979492188,files/222285_2385996-hq.ogg,6354.1416015625,5536.54638671875,0
69,65024,0.0004779482627008844,222286,222286_f0,0.0015375012253213117,-858.556884765625,-81.6578140258789,3.3810882568359375,12.645822525024414,10.75381088256836,-56.92192840576172,20.308103561401367,2.4705886840820312,8.717399597167969,-12.288543701171875,7.207296371459961,-7.125070571899414,2.1814117431640625,files/222286_2385996-hq.ogg,4793.669921875,5803.44873046875,0
70,56832,0.0004848159245542578,222288,222288_f0,0.0014970443538717322,-841.5965576171875,-83.67189025878906,18.643417358398438,16.799400329589844,14.597993850708008,-65.98953247070312,13.309112548828125,3.059511184692383,7.380216598510742,-16.617897033691406,7.153402328491211,-10.785663604736328,8.327901840209961,files/222288_2385996-hq.ogg,5903.693359375,5527.00146484375,0
71,46592,0.0004723844947395744,222289,222289_f0,0.0013513942504977132,-834.6179809570312,-86.1522216796875,13.309917449951172,17.65472412109375,13.95953369140625,-57.162261962890625,9.892719268798828,-12.364404678344727,1.2961101531982422,-13.546266555786133,7.631799697875977,-6.301973342895508,4.046331405639648,files/222289_2385996-hq.ogg,6520.20458984375,5646.1142578125,0
72,56320,0.00043520053679292853,222290,222290_f0,0.0012914248488166116,-849.85791015625,-72.59335327148438,13.761337280273438,14.902535438537598,14.14999771118164,-66.45893859863281,11.885457992553711,-6.49653434753418,7.851799011230469,-11.04307746887207,16.465391159057617,-2.3239307403564453,14.787832260131836,files/222290_2385996-hq.ogg,5527.4755859375,5562.390625,0
73,35328,0.0008221285930578259,222291,222291_f0,0.0025845193776531496,-756.3458251953125,-99.91033935546875,15.546911239624023,11.154304504394531,9.405794143676758,-54.44186782836914,5.477729797363281,-5.841449737548828,-0.5442276000976562,-20.62311363220215,4.281620025634766,-11.970075607299805,4.565025329589844,files/222291_2385996-hq.ogg,8332.025390625,5813.703125,0
74,39936,0.0006197938361229041,222293,222293_f0,0.0018453353490584935,-781.2430419921875,-81.69718170166016,7.498500823974609,11.037395477294922,10.008966445922852,-59.932979583740234,15.229475021362305,-5.976711273193359,-0.5486965179443359,-19.309585571289062,1.5562286376953125,-13.815767288208008,-0.37818145751953125,files/222293_2385996-hq.ogg,8270.61328125,5284.42919921875,0
75,36352,0.0007681573255800865,222294,222294_f0,0.002382774378212405,-755.603515625,-89.36122131347656,9.496051788330078,9.72909927368164,9.12213134765625,-49.83454513549805,10.280635833740234,-0.9174785614013672,4.261495590209961,-18.61733055114746,-0.718505859375,-17.2462158203125,0.7549552917480469,files/222294_2385996-hq.ogg,8373.9169921875,5569.0615234375,0
76,69120,0.00016463702475583112,222295,222295_f0,0.0003763675413749836,-900.227783203125,-44.18219757080078,17.36517333984375,14.918861389160156,12.646812438964844,-65.47261047363281,11.283073425292969,-7.058835983276367,5.686586380004883,-18.94038200378418,5.635068893432617,1.1443061828613281,19.256372451782227,files/222295_2385996-hq.ogg,8382.1201171875,4854.298828125,0
77,60928,0.00021137683769734968,222297,222297_f0,0.0005039816268351899,-897.6109008789062,-44.44157028198242,15.413101196289062,24.0848331451416,23.30858039855957,-48.25652313232422,16.093162536621094,-7.161382675170898,-5.293521881103516,-21.550559997558594,6.097272872924805,-2.9788818359375,8.911685943603516,files/222297_2385996-hq.ogg,6247.62646484375,5188.939453125,0
78,58880,0.00039330921743227086,222298,222298_f0,0.0011448084012321805,-835.7916870117188,-63.141204833984375,17.873554229736328,17.180477142333984,11.23857307434082,-45.71691131591797,4.146661758422852,-17.423900604248047,-8.511125564575195,-28.212657928466797,-1.8172664642333984,-13.336297988891602,6.38182258605957,files/222298_2385996-hq.ogg,6222.6396484375,5707.779296875,0
79,41024,0.0004375576508026599,222299,222299_f0,0.0011679392523029108,-897.7080078125,-63.215702056884766,31.12545394897461,12.925006866455078,-10.489118576049805,-93.03459167480469,-7.083782196044922,-12.113683700561523,11.248197555541992,-9.56766128540039,2.640439987182617,8.141307830810547,32.463111877441406,files/222299_2385996-hq.ogg,3917.324462890625,3858.40673828125,0
80,39232,0.00043441688256007035,222300,222300_f0,0.0011392860000324094,-889.3350830078125,-68.19176483154297,33.607601165771484,12.792091369628906,-13.294927597045898,-95.38072204589844,-7.042388916015625,-8.373138427734375,4.877960205078125,-19.95221710205078,-0.26996612548828125,10.562007904052734,36.25151062011719,files/222300_2385996-hq.ogg,4346.37548828125,3892.190673828125,0
81,28992,7.514633386340363e-05,222301,222301_f0,9.792441991517612e-05,-1025.4749755859375,6.814876556396484,35.17899703979492,0.9411277770996094,-17.639019012451172,-71.29069519042969,0.7448616027832031,-1.38092041015625,-4.9907989501953125,-14.095916748046875,7.032228469848633,19.06820297241211,24.830049514770508,files/222301_2385996-hq.ogg,8688.115234375,2527.62158203125,0
82,32320,0.0004958539315969637,222302,222302_f0,0.0012734865198040953,-856.8877563476562,-76.81935119628906,42.35728454589844,9.676782608032227,-8.774909973144531,-103.71437072753906,-10.327392578125,-8.784543991088867,0.6282958984375,-14.581033706665039,7.63934326171875,5.143646240234375,33.46332550048828,files/222302_2385996-hq.ogg,5711.890625,3680.718017578125,0
83,39936,0.0003607768374375808,222303,222303_f0,0.000893642409489705,-910.2915649414062,-52.51270294189453,27.552417755126953,9.679544448852539,-5.102121353149414,-93.12667846679688,-12.569847106933594,-11.32198715209961,2.1454010009765625,1.9900016784667969,16.294918060302734,3.9216041564941406,19.510356903076172,files/222303_2385996-hq.ogg,3852.331298828125,3516.51123046875,0
84,51136,0.00041870793353332593,222305,222305_f0,0.0011866650682814577,-935.1812133789062,-56.284202575683594,32.65176010131836,7.7405548095703125,-15.255386352539062,-81.46824645996094,0.1306610107421875,-10.168895721435547,-2.1862220764160156,-15.97285270690918,8.599039077758789,9.323280334472656,24.385669708251953,files/222305_2385996-hq.ogg,2920.164306640625,4178.7041015625,0
85,32064,7.113671588326642e-05,222306,222306_f0,9.41568089578442e-05,-1048.8004150390625,19.350811004638672,30.894222259521484,-9.968055725097656,-18.959476470947266,-62.4714469909668,-7.521556854248047,11.105438232421875,-13.864791870117188,-18.446800231933594,10.066484451293945,22.168071746826172,33.33782958984375,files/222306_2385996-hq.ogg,7066.89306640625,2152.4912109375,0
86,35008,0.00011441578758264154,222307,222307_f0,0.00018339525138656224,-1008.8677978515625,2.8182334899902344,33.128414154052734,3.7152633666992188,-12.614315032958984,-84.52296447753906,2.489063262939453,1.160400390625,-3.6638336181640625,-18.121612548828125,9.23539924621582,18.524585723876953,23.64838218688965,files/222307_2385996-hq.ogg,6281.73388671875,2413.766845703125,0
87,17216,0.0003361867318366097,222308,222308_f0,0.0006107098551044677,-935.3220825195312,-82.36248779296875,13.716033935546875,-11.435707092285156,-12.446922302246094,-80.26797485351562,15.336429595947266,13.932537078857422,25.172794342041016,-11.995519638061523,-1.1726112365722656,1.6202545166015625,29.74766731262207,files/222308_2385996-hq.ogg,4498.37939453125,3497.009765625,0
88,18624,0.00028136290635439947,222310,222310_f0,0.0004941313639539214,-929.2247924804688,-80.15250396728516,14.197883605957031,-8.240398406982422,-0.6157188415527344,-97.29438781738281,21.417396545410156,18.250896453857422,14.616216659545898,-12.142147064208984,-1.8297691345214844,7.188526153564453,15.554122924804688,files/222310_2385996-hq.ogg,5338.7451171875,3631.15869140625,0
89,18240,0.0003258415481500458,222311,222311_f0,0.0005972788522118016,-903.4489135742188,-83.93212890625,22.028701782226562,-6.290367126464844,6.417671203613281,-103.51043701171875,18.55234718322754,13.853179931640625,9.176820755004883,-12.034055709838867,5.929464340209961,6.323558807373047,12.77178955078125,files/222311_2385996-hq.ogg,6238.1708984375,3748.951416015625,0
90,36544,0.00033594250365856856,222312,222312_f0,0.0007880477792536106,-921.4006958007812,-38.12747573852539,33.590415954589844,20.597789764404297,16.01683807373047,-100.67423248291016,-3.066234588623047,-10.338951110839844,3.790273666381836,-2.103738784790039,-13.576875686645508,7.881626129150391,9.00082015991211,files/222312_2385996-hq.ogg,3838.21923828125,3355.013671875,0
91,51520,0.00034564011585638387,222315,222315_f0,0.0009200855071500221,-962.1204223632812,-44.86205291748047,25.62445068359375,15.550640106201172,0.35646820068359375,-79.77936553955078,3.8261337280273438,-10.430110931396484,24.683557510375977,-0.7012748718261719,-0.0985260009765625,-19.962793350219727,11.718088150024414,files/222315_2385996-hq.ogg,2680.975830078125,4195.9140625,0
92,23616,6.426918272403521e-05,222316,222316_f0,7.406514652860844e-05,-1035.8243408203125,3.926280975341797,25.46017837524414,-5.440589904785156,-7.165004730224609,-77.15176391601562,-3.651042938232422,12.942459106445312,18.652183532714844,-0.5700492858886719,6.6768798828125,5.811199188232422,-2.5640792846679688,files/222316_2385996-hq.ogg,10891.943359375,2687.647705078125,0
93,21440,5.855826633190041e-05,222318,222318_f0,6.326807301435898e-05,-1037.8558349609375,5.441860198974609,26.144641876220703,-4.370941162109375,-6.756664276123047,-75.28721618652344,-4.951702117919922,11.295455932617188,15.712455749511719,-3.0321922302246094,4.882804870605469,6.481822967529297,-1.3640899658203125,files/222318_2385996-hq.ogg,12580.60546875,2709.666748046875,0
94,9792,0.00016541786345781066,222319,222319_f0,0.00019489321248983247,-906.6965942382812,-50.212059020996094,16.793209075927734,-3.9424476623535156,-4.012487411499023,-92.22057342529297,-0.6938209533691406,-18.607837677001953,11.98727798461914,0.9064826965332031,18.562009811401367,13.295734405517578,16.418973922729492,files/222319_2385996-hq.ogg,8024.119140625,3800.681396484375,0
95,11840,0.00017186630819294904,222322,222322_f0,0.00021882411595937367,-942.9301147460938,-52.329551696777344,12.525760650634766,4.190166473388672,-12.826484680175781,-77.65901947021484,9.517143249511719,-13.701789855957031,4.496849060058594,3.2547836303710938,20.120704650878906,3.3197669982910156,15.862432479858398,files/222322_2385996-hq.ogg,7965.86279296875,3629.565185546875,0
96,20416,0.00011857547636689811,222324,222324_f0,0.00016015598719770259,-999.7079467773438,-44.68256759643555,34.573883056640625,1.2360801696777344,-12.988016128540039,-68.01907348632812,38.37434387207031,11.4107666015625,17.64188003540039,-8.13465690612793,0.5739517211914062,-0.6135330200195312,19.865304946899414,files/222324_2385996-hq.ogg,7299.23583984375,3140.404052734375,0
97,17600,0.00011232949793338776,222325,222325_f0,0.00014162373813715847,-995.4315795898438,-60.531898498535156,32.30836868286133,-1.8047599792480469,-16.48565673828125,-66.10499572753906,36.87925720214844,8.485767364501953,19.30004119873047,-13.443506240844727,-4.872505187988281,-2.9538536071777344,18.191877365112305,files/222325_2385996-hq.ogg,8321.841796875,3259.09130859375,0
98,17728,5.355093708860315e-05,222326,222326_f0,5.2612893525443783e-05,-1053.541015625,-21.99264907836914,11.011402130126953,-9.432830810546875,-7.341022491455078,-74.13957214355469,40.26164627075195,30.28525161743164,0.8148345947265625,-7.3418731689453125,-8.34796142578125,8.057682037353516,17.10508918762207,files/222326_2385996-hq.ogg,8544.1103515625,2858.472900390625,0
99,13760,0.00032176261031350423,222333,222333_f0,0.0005336148794307266,-905.1860961914062,-85.91419219970703,-5.045806884765625,-9.970556259155273,-14.849512100219727,-73.20458221435547,11.87847900390625,-36.611412048339844,11.494926452636719,16.451095581054688,34.96678924560547,11.874252319335938,-1.8024711608886719,files/222333_2385996-hq.ogg,5838.22607421875,4573.94873046875,0
100,10688,0.0002625195342980459,222335,222335_f0,0.00037282187781648005,-900.4324951171875,-90.07978057861328,-2.6872787475585938,-18.802549362182617,-18.892881393432617,-61.879722595214844,5.449312210083008,-29.25594711303711,2.4379196166992188,18.204524993896484,35.62889862060547,6.6909332275390625,2.0915279388427734,files/222335_2385996-hq.ogg,7050.14013671875,4840.255859375,0
101,9216,0.0004814603469438023,222336,222336_f0,0.0007990529864198632,-844.317626953125,-92.89398193359375,-1.1105117797851562,-10.34199333190918,-13.646210670471191,-82.31777954101562,-3.9593448638916016,-32.76088333129883,16.622364044189453,11.253528594970703,32.652225494384766,25.062957763671875,1.7272567749023438,files/222336_2385996-hq.ogg,7824.57958984375,4472.08447265625,0
102,21504,0.0001031608498167424,222338,222338_f0,0.000135259104094335,-1007.798828125,-45.94940948486328,39.15653610229492,-2.2363853454589844,-36.90562057495117,-66.23420715332031,25.127079010009766,5.8172760009765625,23.54300308227539,1.913726806640625,8.443967819213867,-23.332319259643555,16.25513458251953,files/222338_2385996-hq.ogg,8182.99755859375,3680.138427734375,0
103,18368,0.00010809097893354369,222339,222339_f0,0.0001364768278308031,-998.4849243164062,-49.53107452392578,25.62531280517578,-4.649257659912109,-24.108074188232422,-76.0445785522461,31.43429183959961,5.015674591064453,22.852935791015625,1.09954833984375,3.9513168334960938,-20.56134796142578,25.787996292114258,files/222339_2385996-hq.ogg,8275.203125,3310.133056640625,0
104,15680,7.315568473874306e-05,222340,222340_f0,7.664963450967049e-05,-1028.839111328125,-41.385597229003906,37.15568161010742,-10.939613342285156,-27.500446319580078,-59.2664794921875,39.20595932006836,3.0342330932617188,25.18323516845703,-8.28531265258789,2.2232894897460938,-4.1893463134765625,11.857168197631836,files/222340_2385996-hq.ogg,8876.81640625,3836.551025390625,0
105,18624,0.00011235438415274996,222341,222341_f0,0.00014441605030056538,-998.9454345703125,-58.683502197265625,32.959083557128906,-10.79806137084961,-28.510623931884766,-62.14942169189453,32.16509246826172,-2.8131446838378906,28.928813934326172,3.0256309509277344,-2.237213134765625,-19.64251136779785,26.444168090820312,files/222341_2385996-hq.ogg,8279.8505859375,3764.551025390625,0
106,76480,0.0001605754492173135,222342,222342_f0,0.00037671801435398757,-1049.7940673828125,4.183624267578125,23.095623016357422,18.562654495239258,3.1209373474121094,-65.49714660644531,4.0424346923828125,1.363128662109375,0.8908576965332031,1.839752197265625,-11.356945037841797,-1.2147140502929688,5.333274841308594,files/222342_2385996-hq.ogg,2133.238525390625,3353.919677734375,0
107,71360,0.0001812865648569013,222343,222343_f0,0.00043289704173135113,-1019.9186401367188,-0.4328422546386719,31.830486297607422,17.301654815673828,3.3957672119140625,-75.88337707519531,-0.8175239562988281,-7.129974365234375,9.709609985351562,-0.7048759460449219,-4.955718994140625,-9.168960571289062,5.801179885864258,files/222343_2385996-hq.ogg,2735.58544921875,3499.351318359375,0
108,84288,0.00021133707071129083,222345,222345_f0,0.000562636347186321,-1044.542236328125,-12.17868423461914,24.114261627197266,6.3038177490234375,-5.962989807128906,-60.5380973815918,2.318714141845703,-3.518463134765625,21.44770050048828,6.522388458251953,-2.8370513916015625,-16.535541534423828,4.613807678222656,files/222345_2385996-hq.ogg,1909.9866943359375,4194.3115234375,0
109,32448,4.7499269864262915e-05,222346,222346_f0,5.502555027045677e-05,-1065.4503173828125,11.628154754638672,20.784503936767578,-4.506782531738281,-10.437488555908203,-60.10825729370117,-11.639781951904297,18.050201416015625,13.273307800292969,0.20225906372070312,6.289970397949219,3.095813751220703,0.39756011962890625,files/222346_2385996-hq.ogg,9190.5009765625,2654.3095703125,0
110,12352,0.00012619271295367127,222347,222347_f0,0.00014674949213630794,-928.8916015625,-34.713016510009766,21.902694702148438,-8.701126098632812,-13.035171508789062,-80.47608184814453,-5.080089569091797,-24.300262451171875,16.836872100830078,-0.6898689270019531,13.676340103149414,17.63168716430664,21.556690216064453,files/222347_2385996-hq.ogg,7835.59619140625,3660.977783203125,0
111,25792,6.534691631941879e-05,222348,222348_f0,7.803807446441935e-05,-1056.5550537109375,-24.781959533691406,29.016841888427734,-5.477607727050781,-17.367162704467773,-53.801231384277344,28.406940460205078,10.032981872558594,11.19677734375,-8.091732025146484,-5.247032165527344,-3.3454360961914062,13.642095565795898,files/222348_2385996-hq.ogg,6385.6171875,3205.6142578125,0
112,88128,0.0002912237277131368,222350,222350_f0,0.0008778141820958844,-999.5200805664062,-0.8922042846679688,30.974754333496094,8.178041458129883,-11.290044784545898,-69.13139343261719,3.1644973754882812,6.294654846191406,-0.00494384765625,-10.296998977661133,14.754447937011719,20.920639038085938,38.383941650390625,files/222350_2385996-hq.ogg,2396.733642578125,3271.561279296875,0
113,64192,0.00029752971762317724,222351,222351_f0,0.0008110997089716873,-963.934814453125,-15.784076690673828,48.53093338012695,17.800661087036133,-16.58146095275879,-82.80560302734375,10.291862487792969,1.9672317504882812,3.5518722534179688,-17.572799682617188,11.36286735534668,13.572376251220703,45.06983947753906,files/222351_2385996-hq.ogg,4620.50048828125,2989.58740234375,0
114,67648,0.00035950668374659775,222352,222352_f0,0.0010639814802691299,-940.6089477539062,-23.76308822631836,19.307098388671875,-4.624011993408203,-1.5680503845214844,-92.60191345214844,-0.7184371948242188,2.766986846923828,10.906286239624023,1.8084640502929688,22.714019775390625,14.989261627197266,37.48255157470703,files/222352_2385996-hq.ogg,2735.103515625,3617.02001953125,0
115,68416,0.00034349376180664863,222353,222353_f0,0.0010048123137542753,-957.635009765625,-26.130664825439453,31.89321517944336,18.444740295410156,-10.890094757080078,-79.3919906616211,14.530818939208984,2.446094512939453,2.3174667358398438,-10.517608642578125,14.592235565185547,16.369407653808594,43.55769729614258,files/222353_2385996-hq.ogg,3183.334716796875,3336.09619140625,0
116,64192,0.0003317313738620412,222354,222354_f0,0.0009384206380111984,-957.7845458984375,-19.147560119628906,37.89729690551758,14.703115463256836,-15.32467269897461,-86.29513549804688,15.318012237548828,2.747119903564453,0.3671836853027344,-9.924427032470703,17.465923309326172,14.876777648925781,44.09478759765625,files/222354_2385996-hq.ogg,3480.060302734375,3183.081298828125,0
117,62016,0.0003837793604139204,222355,222355_f0,0.0011275107400459156,-947.8390502929688,-18.543766021728516,34.12493896484375,16.953067779541016,-8.623882293701172,-86.75657653808594,9.048221588134766,1.7504730224609375,3.1292877197265625,-3.593231201171875,28.58150291442871,13.698806762695312,36.121925354003906,files/222355_2385996-hq.ogg,3033.27490234375,3343.39013671875,0
118,49344,0.0004750710903593229,222356,222356_f0,0.0013885331061099754,-893.6499633789062,-49.60176086425781,43.99981689453125,12.552730560302734,-11.46061897277832,-94.17401123046875,1.6481056213378906,9.743873596191406,2.7750205993652344,-7.315896987915039,13.723125457763672,20.295223236083984,45.58988952636719,files/222356_2385996-hq.ogg,4473.1875,3299.45654296875,0
119,58048,0.00042629823532230665,222357,222357_f0,0.0012691233886247696,-924.751953125,-36.93072509765625,33.69256591796875,13.340412139892578,-17.42949867248535,-93.62294006347656,3.2264556884765625,-1.8716163635253906,6.881372451782227,-5.838142395019531,13.082002639770508,15.068267822265625,37.165367126464844,files/222357_2385996-hq.ogg,3416.122314453125,3362.95166015625,0
120,49344,0.00045956189994218283,222358,222358_f0,0.0013281303311754912,-890.0216674804688,-59.39925765991211,12.8740234375,8.159317016601562,4.253696441650391,-101.96122741699219,-2.8120956420898438,8.155712127685547,25.149215698242188,4.296455383300781,17.027767181396484,13.891525268554688,25.117111206054688,files/222358_2385996-hq.ogg,3891.807373046875,3589.92041015625,0
121,53568,0.000494868489006799,222359,222359_f0,0.0015081489100393572,-900.4235229492188,-49.37919235229492,43.66205596923828,15.115299224853516,-16.643375396728516,-91.67384338378906,3.018077850341797,2.4087295532226562,6.477912902832031,-4.659786224365234,16.070674896240234,9.978229522705078,45.007972717285156,files/222359_2385996-hq.ogg,3937.279541015625,3351.615478515625,0
122,47936,0.0003938361783530588,222360,222360_f0,0.0010694191357163148,-909.5462036132812,-45.45630645751953,41.653709411621094,26.942520141601562,-15.901695251464844,-88.2987289428711,6.581920623779297,2.2879295349121094,10.16081428527832,-6.792125701904297,15.753849029541016,12.153007507324219,42.28877258300781,files/222360_2385996-hq.ogg,4429.77978515625,3535.689453125,0
123,52928,0.0004667764779590205,222361,222361_f0,0.001388862026357593,-909.9763793945312,-51.37566375732422,45.8534049987793,21.73632049560547,-18.644771575927734,-89.3896484375,5.521942138671875,1.7682113647460938,6.891376495361328,-10.207706451416016,7.545881271362305,10.13906478881836,41.24885559082031,files/222361_2385996-hq.ogg,3784.916015625,3318.678955078125,0
124,11328,0.0011149893204371135,222146,222146_f0,0.002640917981411778,-837.6175537109375,45.7600212097168,-12.210102081298828,-30.334300994873047,8.379074096679688,-111.18022155761719,22.247268676757812,4.507930755615234,22.95807647705078,6.9386749267578125,12.592138290405273,13.841922760009766,16.944650650024414,files/222146_2385996-hq.ogg,3525.430419921875,2230.934326171875,0
125,8896,0.0013512401915282653,222170,222170_f0,0.003147080647859642,-807.1911010742188,-62.783905029296875,10.920717239379883,-17.24341583251953,8.64053726196289,-119.19480895996094,-4.41241455078125,6.093040466308594,22.0367488861084,18.034759521484375,26.626535415649414,10.931867599487305,25.622188568115234,files/222170_2385996-hq.ogg,4216.64404296875,2885.9365234375,0
126,25280,0.00027196147019350076,205973,205973_f0,0.00052382248111918,-1078.3795166015625,-10.247501373291016,17.42232894897461,21.99505043029785,-3.6466751098632812,-36.28574752807617,43.08713150024414,23.731948852539062,-6.7906494140625,9.490528106689453,22.07634925842285,3.5131263732910156,2.4741363525390625,files/205973_2385996-hq.ogg,2000.97705078125,2999.474609375,0
127,202048,6.961245249070659e-05,206023,206023_f0,0.00017102322776294185,-1073.8583984375,50.28937911987305,3.3491249084472656,-4.040351867675781,-1.6921539306640625,-14.100006103515625,-22.058391571044922,9.859054565429688,18.028976440429688,-6.474365234375,-23.975059509277344,-14.454818725585938,2.0811309814453125,files/206023_2385996-hq.ogg,4488.64111328125,1405.75244140625,0
128,395200,0.0001082114652100845,222233,222233_f0,0.00038801096711564163,-1028.9676513671875,61.656044006347656,19.961360931396484,21.13590431213379,5.0033721923828125,-24.52737045288086,14.970233917236328,19.342453002929688,-16.811309814453125,-16.859710693359375,-13.929359436035156,-13.525665283203125,3.0533599853515625,files/222233_2385996-hq.ogg,2930.838623046875,2675.7275390625,0
129,19520,0.000265698501321136,222132,222132_f0,0.00046499102819161337,-971.80078125,-33.021888732910156,19.42129898071289,28.822986602783203,2.6470184326171875,-83.12582397460938,47.018646240234375,13.076904296875,17.949462890625,2.886089324951172,25.6911678314209,-7.151180267333984,0.8413925170898438,files/222132_2385996-hq.ogg,5071.08203125,3159.265625,0
130,26688,0.0001580067854419315,222133,222133_f0,0.0002577347363785302,-1079.4483642578125,-4.051593780517578,19.66855239868164,25.915803909301758,-7.829380035400391,-38.86371994018555,38.5480842590332,28.095569610595703,-2.6705169677734375,10.881244659423828,17.256250381469727,7.441432952880859,1.5508346557617188,files/222133_2385996-hq.ogg,3072.80517578125,2961.246826171875,0
131,22848,0.00026976657347852775,222135,222135_f0,0.0005006480033324213,-1062.360107421875,-19.353260040283203,19.89278793334961,21.398630142211914,-3.710296630859375,-44.55588912963867,48.56232452392578,19.0946044921875,0.415313720703125,7.304340362548828,18.449708938598633,3.395557403564453,1.7099838256835938,files/222135_2385996-hq.ogg,2318.2080078125,3157.97802734375,0
132,21312,0.00026996825281922165,222136,222136_f0,0.0004894307873270533,-1051.3851318359375,-18.367069244384766,24.414020538330078,21.3101749420166,-2.6446456909179688,-53.2458610534668,47.03238296508789,23.950881958007812,4.3133697509765625,7.623874664306641,20.216127395629883,-0.6658782958984375,1.1667404174804688,files/222136_2385996-hq.ogg,2678.778564453125,2977.886962890625,0
133,9408,9.473157907221593e-05,222137,222137_f0,9.109447931959516e-05,-1064.188720703125,27.874980926513672,39.99113082885742,28.361574172973633,-3.7042999267578125,-40.94279098510742,17.392505645751953,45.537052154541016,3.5623855590820312,8.164371490478516,24.543603897094727,-4.1929473876953125,0.6152267456054688,files/222137_2385996-hq.ogg,11802.0361328125,2060.8046875,0
134,14400,0.00010764663418134053,222138,222138_f0,0.00012494643529256186,-1102.819091796875,7.418376922607422,27.867733001708984,21.89360237121582,-6.110157012939453,-17.782642364501953,27.869083404541016,30.50613784790039,-4.106071472167969,10.097110748291016,28.9287052154541,4.451221466064453,-1.1809539794921875,files/222138_2385996-hq.ogg,6240.27734375,2463.6279296875,0
135,5184,6.175347040464849e-05,222139,222139_f0,4.192492867141594e-05,-1083.2467041015625,37.45316696166992,34.75004196166992,36.098785400390625,4.4768218994140625,-9.367462158203125,6.598621368408203,25.448932647705078,10.848175048828125,6.687717437744141,10.915483474731445,-2.7377777099609375,1.919403076171875,files/222139_2385996-hq.ogg,18463.630859375,720.9124755859375,0
136,10816,5.175958569409579e-05,222140,222140_f0,4.249426795268905e-05,-1112.454833984375,17.344463348388672,24.93825912475586,22.918306350708008,0.973175048828125,-0.3994140625,15.514652252197266,25.31564712524414,13.587127685546875,12.793216705322266,17.872446060180664,7.745662689208984,7.03593635559082,files/222140_2385996-hq.ogg,17238.349609375,757.2348022460938,0
137,16704,0.0001050539428932,222141,222141_f0,0.00012718957502723196,-1095.1204833984375,4.193950653076172,26.513874053955078,21.816492080688477,-6.948535919189453,-25.754283905029297,30.882648468017578,29.527530670166016,-3.9623794555664062,12.386173248291016,23.776208877563477,3.0736732482910156,0.98687744140625,files/222141_2385996-hq.ogg,5687.0859375,2544.10400390625,0
138,13376,9.217041959032488e-05,222142,222142_f0,9.89700190758591e-05,-1085.6119384765625,7.093151092529297,30.094005584716797,21.559579849243164,-9.575931549072266,-34.761104583740234,29.841297149658203,36.78012466430664,-2.4658737182617188,12.371341705322266,24.238351821899414,-1.4496917724609375,-0.17321014404296875,files/222142_2385996-hq.ogg,5695.90673828125,2526.05078125,0
139,15680,9.241904683259069e-05,222143,222143_f0,0.0001048426618989633,-1096.9615478515625,9.720256805419922,28.64028549194336,23.617586135864258,-6.186435699462891,-18.46774673461914,30.391376495361328,32.38687515258789,0.12599945068359375,13.400211334228516,26.50225257873535,4.531848907470703,1.3528366088867188,files/222143_2385996-hq.ogg,14173.091796875,2162.291259765625,0
140,16576,0.00010461216382538489,222144,222144_f0,0.00012614303286471423,-1096.714111328125,6.316082000732422,27.77456283569336,24.697816848754883,-9.43301010131836,-22.618854522705078,28.720050811767578,30.334110260009766,0.01903533935546875,11.362781524658203,23.30535316467285,5.681941986083984,0.6774215698242188,files/222144_2385996-hq.ogg,4935.47509765625,2479.995849609375,0
141,14784,0.00010277542942788178,222145,222145_f0,0.00011848434160798143,-1091.8282470703125,8.887157440185547,31.57217025756836,22.18255043029785,-9.244129180908203,-27.122325897216797,28.079212188720703,35.6159553527832,0.5897293090820312,12.356739044189453,24.73491859436035,1.4401168823242188,1.943756103515625,files/222145_2385996-hq.ogg,5046.0087890625,2432.055908203125,0
142,7232,0.00044287635689288117,222148,222148_f0,0.0006579099371369961,-888.6449584960938,88.62682342529297,-1.8058586120605469,-18.07379150390625,2.0911102294921875,-98.03961181640625,8.185871124267578,17.2562255859375,10.726791381835938,7.221744537353516,17.6072940826416,22.228145599365234,2.6316070556640625,files/222148_2385996-hq.ogg,4226.427734375,2176.193359375,0
143,14144,0.0007631041075848886,222150,222150_f0,0.0017133925565227665,-925.1533813476562,-51.31455993652344,1.4262313842773438,-16.369304656982422,4.9107208251953125,-105.34776306152344,11.1346435546875,21.977020263671875,33.92340087890625,14.04876708984375,12.767007827758789,7.106845855712891,15.770488739013672,files/222150_2385996-hq.ogg,2990.30615234375,2666.63037109375,0
144,10048,0.001042787246643358,222151,222151_f0,0.0023178714475813943,-867.9273681640625,-75.99311828613281,-0.09550857543945312,-12.758785247802734,12.728286743164062,-107.84089660644531,5.8969573974609375,25.52849578857422,49.680870056152344,8.325054168701172,13.053434371948242,13.197154998779297,16.54869842529297,files/222151_2385996-hq.ogg,3493.9384765625,2629.437255859375,0
145,6656,0.000864370081287164,222154,222154_f0,0.0015670042484998703,-834.3757934570312,-111.39869689941406,31.822450637817383,-10.380115509033203,-12.41915225982666,-25.843280792236328,18.92833137512207,41.5374755859375,5.722463607788086,-5.822088241577148,-3.344623565673828,16.51997947692871,34.3846549987793,files/222154_2385996-hq.ogg,5453.68896484375,7451.18798828125,0
146,8192,0.0010306190233677626,222155,222155_f0,0.00212864950299263,-835.8511962890625,-104.97154235839844,9.380407333374023,-10.72892951965332,5.622476577758789,-107.77403259277344,30.849306106567383,32.10099792480469,43.370018005371094,18.022899627685547,17.75548553466797,4.684785842895508,13.268646240234375,files/222155_2385996-hq.ogg,5486.25341796875,3450.22705078125,0
147,9216,0.0012263861588305896,222156,222156_f0,0.002797080617811945,-809.603515625,-115.9336166381836,10.76783561706543,-9.740388870239258,0.39411163330078125,-113.0899887084961,15.9503173828125,28.14567756652832,38.67757797241211,22.314250946044922,17.05527687072754,7.628803253173828,15.746744155883789,files/222156_2385996-hq.ogg,4886.1748046875,3698.581787109375,0
148,8832,0.001251176647517992,222157,222157_f0,0.0028318294148514237,-806.9430541992188,-89.2881088256836,16.07677459716797,-15.404996871948242,2.287353515625,-114.23406219482422,-0.814910888671875,37.068359375,33.08441925048828,17.375,17.937192916870117,7.3332977294921875,26.876998901367188,files/222157_2385996-hq.ogg,4571.79833984375,3103.347412109375,0
149,8896,0.001226698644727254,222160,222160_f0,0.0027646173676140876,-832.5238647460938,-82.42497253417969,2.2910079956054688,-10.54681396484375,6.215764999389648,-114.56095123291016,1.5415496826171875,24.146730422973633,41.17616271972656,15.268108367919922,13.961124420166016,13.97056770324707,22.912370681762695,files/222160_2385996-hq.ogg,3981.146728515625,2833.595703125,0
